Recording Name, Date Started, User
Recording Set,2024-1-29 10-33-4,KJLC

Time Stamp,PC Capman Pressure,PC Source 2 Freq,PC Source 2 Q,PC Source 2 Rate,PC Source 4 Freq,PC Source 4 Q,PC Source 4 Rate,PC Source 6 Freq,PC Source 6 Q,PC Source 6 Rate,Power Supply 1 Power,Power Supply 1 Voltage,Power Supply 3 Power,Power Supply 3 Voltage,Power Supply 5 DC Bias,Power Supply 5 Fwd Power,PC High Vac Valve Position,PC MFC 1 Flow
Jan-29-2024 10:33:04.240 AM,19.9969481956,5983075.1966150394,96.615039323,0.0001940629,5986815.7586271288,97.3631517254,0.0003242579,5982953.3365411256,96.5906673082,-0.0003136606,60.5344603607,210.4243621826,19.4586591594,264.8495483398,68,50,15,18.3891050584
Jan-29-2024 10:33:04.347 AM,19.9969481956,5983075.1966150394,96.615039323,0.0001940629,5986815.7586271288,97.3631517254,0.0003242579,5982953.3365411256,96.5906673082,-0.0003136606,60.5344603607,210.4243621826,19.4586591594,264.8495483398,68,50,15,18.3891050584
Jan-29-2024 10:33:04.461 AM,19.9969481956,5983075.1966150394,96.615039323,0.0001940629,5986815.7586271288,97.3631517254,0.0003242579,5982953.3365411256,96.5906673082,-0.0003136606,60.5344603607,210.4243621826,19.4586591594,264.8495483398,68,50,15,18.3891050584
Jan-29-2024 10:33:04.573 AM,19.9969481956,5983075.1966150394,96.615039323,0.0001940629,5986815.7586271288,97.3631517254,0.0003242579,5982953.3365411256,96.5906673082,-0.0003136606,60.5344603607,210.4243621826,19.4586591594,264.8495483398,68,50,15,18.469703212
Jan-29-2024 10:33:04.682 AM,19.9969481956,5983075.1966150394,96.615039323,0.0001940629,5986815.7586271288,97.3631517254,0.0003242579,5982953.3365411256,96.5906673082,-0.0003136606,60.5344603607,210.4243621826,19.4586591594,264.8495483398,68,50,15,18.469703212
Jan-29-2024 10:33:04.789 AM,19.8779278248,5983075.1966150394,96.615039323,0.0001940629,5986815.7586271288,97.3631517254,0.0003242579,5982953.3365411256,96.5906673082,-0.0003136606,59.8761639188,209.8420715332,19.5284822424,264.389831543,68,50,15,18.4145571069
Jan-29-2024 10:33:04.899 AM,19.8779278248,5983075.1966150394,96.615039323,0.0001940629,5986815.7586271288,97.3631517254,0.0003242579,5982953.3365411256,96.5906673082,-0.0003136606,59.8761639188,209.8420715332,19.5284822424,264.389831543,68,50,15,18.4145571069
Jan-29-2024 10:33:05.008 AM,19.8779278248,5983075.1966150394,96.615039323,0.0001940629,5986815.7586271288,97.3631517254,0.0003242579,5982953.3365411256,96.5906673082,-0.0003136606,59.8761639188,209.8420715332,19.5284822424,264.389831543,68,50,15,18.4145571069
Jan-29-2024 10:33:05.121 AM,19.9282825971,5983075.1966150394,96.615039323,0.0001511364,5986815.7109343661,97.3631421869,0.0003001527,5982952.9444597075,96.5905888919,0.0001477102,59.8761639188,209.8420715332,19.5284822424,264.389831543,68,50,15,19.7550316625
Jan-29-2024 10:33:05.222 AM,19.9282825971,5983075.1966150394,96.615039323,0.0001511364,5986815.7109343661,97.3631421869,0.0003001527,5982952.9444597075,96.5905888919,0.0001477102,59.8761639188,209.8420715332,19.5284822424,264.389831543,68,50,15,19.7550316625
Jan-29-2024 10:33:05.323 AM,19.9420157168,5983075.1966150394,96.615039323,0.0001511364,5986815.7109343661,97.3631421869,0.0003001527,5982952.9444597075,96.5905888919,0.0001477102,45.9514529055,192.6182861328,19.0446067453,264.1446533203,67,50,15,20.1919584955
Jan-29-2024 10:33:05.431 AM,19.9420157168,5983075.1966150394,96.615039323,0.0001511364,5986815.7109343661,97.3631421869,0.0003001527,5982952.9444597075,96.5905888919,0.0001477102,45.9514529055,192.6182861328,19.0446067453,264.1446533203,67,50,15,20.1919584955
Jan-29-2024 10:33:05.542 AM,20.0518806744,5983075.1966150394,96.615039323,0.0001511364,5986815.7109343661,97.3631421869,0.0003001527,5982952.9444597075,96.5905888919,0.0001477102,45.9514529055,192.6182861328,19.0446067453,264.1446533203,67,50,15,19.4750591287
Jan-29-2024 10:33:05.650 AM,20.0518806744,5983075.1966150394,96.615039323,0.0001511364,5986815.7109343661,97.3631421869,0.0003001527,5982952.9444597075,96.5905888919,0.0001477102,45.9514529055,192.6182861328,19.0446067453,264.1446533203,67,50,15,19.4750591287
Jan-29-2024 10:33:05.763 AM,20.0183108263,5983075.1966150394,96.615039323,0.0001511364,5986815.7109343661,97.3631421869,0.0003001527,5982952.9444597075,96.5905888919,0.0001477102,45.9514529055,192.6182861328,19.0446067453,264.1446533203,67,50,15,18.6690775921
Jan-29-2024 10:33:05.864 AM,20.0183108263,5983075.1966150394,96.615039323,0.0001511364,5986815.7109343661,97.3631421869,0.0003001527,5982952.9444597075,96.5905888919,0.0001477102,45.9514529055,192.6182861328,19.0446067453,264.1446533203,67,50,15,18.6690775921
Jan-29-2024 10:33:05.967 AM,20.0183108263,5983075.1966150394,96.615039323,0.0001511364,5986815.7109343661,97.3631421869,0.0003001527,5982952.9444597075,96.5905888919,0.0001477102,45.9514529055,192.6182861328,19.0446067453,264.1446533203,67,50,15,18.6690775921
Jan-29-2024 10:33:06.071 AM,20.0442511635,5983075.1592208119,96.6150318442,0.0001550891,5986815.6837919112,97.3631367584,0.0002608603,5982952.8974429341,96.5905794886,0.0001620426,7.4990887607,160.3160247803,19.3393209796,263.2252502441,66,50,15,18.0285343709
Jan-29-2024 10:33:06.182 AM,20.0442511635,5983075.1592208119,96.6150318442,0.0001550891,5986815.6837919112,97.3631367584,0.0002608603,5982952.8974429341,96.5905794886,0.0001620426,7.4990887607,160.3160247803,19.3393209796,263.2252502441,66,50,15,18.0285343709
Jan-29-2024 10:33:06.289 AM,20.024414435,5983075.1592208119,96.6150318442,0.0001550891,5986815.6837919112,97.3631367584,0.0002608603,5982952.8974429341,96.5905794886,0.0001620426,7.4990887607,160.3160247803,19.3393209796,263.2252502441,66,50,15,18.5757534142
Jan-29-2024 10:33:06.395 AM,20.024414435,5983075.1592208119,96.6150318442,0.0001550891,5986815.6837919112,97.3631367584,0.0002608603,5982952.8974429341,96.5905794886,0.0001620426,7.4990887607,160.3160247803,19.3393209796,263.2252502441,66,50,15,18.5757534142
Jan-29-2024 10:33:06.510 AM,20.024414435,5983075.1592208119,96.6150318442,0.0001550891,5986815.6837919112,97.3631367584,0.0002608603,5982952.8974429341,96.5905794886,0.0001620426,7.4990887607,160.3160247803,19.3393209796,263.2252502441,66,50,15,18.5757534142
Jan-29-2024 10:33:06.619 AM,20.0549324788,5983075.1592208119,96.6150318442,0.0001550891,5986815.6837919112,97.3631367584,0.0002608603,5982952.8974429341,96.5905794886,0.0001620426,7.4990887607,160.3160247803,19.3393209796,263.2252502441,66,50,15,18.3509269856
Jan-29-2024 10:33:06.728 AM,20.0793469139,5983075.1592208119,96.6150318442,0.0001550891,5986815.6837919112,97.3631367584,0.0002608603,5982952.8974429341,96.5905794886,0.0001620426,3.0390115915,149.9265899658,19.0614686335,262.949432373,67,50,15,18.2024567025
Jan-29-2024 10:33:06.837 AM,20.0793469139,5983075.1592208119,96.6150318442,0.0001550891,5986815.6837919112,97.3631367584,0.0002608603,5982952.8974429341,96.5905794886,0.0001620426,3.0390115915,149.9265899658,19.0614686335,262.949432373,67,50,15,18.2024567025
Jan-29-2024 10:33:06.945 AM,20.0793469139,5983075.1592208119,96.6150318442,0.0001550891,5986815.6837919112,97.3631367584,0.0002608603,5982952.8974429341,96.5905794886,0.0001620426,3.0390115915,149.9265899658,19.0614686335,262.949432373,67,50,15,18.2024567025
Jan-29-2024 10:33:07.060 AM,20.0793469139,5983075.1592208119,96.6150318442,0.0001550891,5986815.6837919112,97.3631367584,0.0002608603,5982952.8974429341,96.5905794886,0.0001620426,3.0390115915,149.9265899658,19.0614686335,262.949432373,67,50,15,18.2024567025
Jan-29-2024 10:33:07.160 AM,20.0793469139,5983075.1592208119,96.6150318442,0.0001550891,5986815.6837919112,97.3631367584,0.0002608603,5982952.8974429341,96.5905794886,0.0001620426,3.0390115915,149.9265899658,19.0614686335,262.949432373,67,50,15,18.2024567025
Jan-29-2024 10:33:07.273 AM,20.024414435,5983075.1218265854,96.6150243653,0.0001581674,5986815.6360991616,97.3631272198,0.0002507785,5982952.8974429341,96.5905794886,0.0001261989,12.9496729196,172.5749511719,18.8520955559,263.6236572266,68,50,15,17.8418860151
Jan-29-2024 10:33:07.384 AM,20.024414435,5983075.1218265854,96.6150243653,0.0001581674,5986815.6360991616,97.3631272198,0.0002507785,5982952.8974429341,96.5905794886,0.0001261989,12.9496729196,172.5749511719,18.8520955559,263.6236572266,68,50,15,17.8418860151
Jan-29-2024 10:33:07.488 AM,20,5983075.1218265854,96.6150243653,0.0001581674,5986815.6360991616,97.3631272198,0.0002507785,5982952.8974429341,96.5905794886,0.0001261989,12.9496729196,172.5749511719,18.8520955559,263.6236572266,68,50,15,18.2151827268
Jan-29-2024 10:33:07.589 AM,20,5983075.1218265854,96.6150243653,0.0001581674,5986815.6360991616,97.3631272198,0.0002507785,5982952.8974429341,96.5905794886,0.0001261989,12.9496729196,172.5749511719,18.8520955559,263.6236572266,68,50,15,18.2151827268
Jan-29-2024 10:33:07.699 AM,20,5983075.1218265854,96.6150243653,0.0001581674,5986815.6360991616,97.3631272198,0.0002507785,5982952.8974429341,96.5905794886,0.0001261989,12.9496729196,172.5749511719,18.8520955559,263.6236572266,68,50,15,18.2151827268
Jan-29-2024 10:33:07.813 AM,19.9801632715,5983075.1218265854,96.6150243653,0.0001581674,5986815.6360991616,97.3631272198,0.0002507785,5982952.8974429341,96.5905794886,0.0001261989,23.8935957079,175.8848571777,19.3102056194,263.5317382813,67,50,15,18.1982146944
Jan-29-2024 10:33:07.913 AM,19.9816891737,5983075.1218265854,96.6150243653,0.0001231809,5986815.6089566955,97.3631217913,0.0002224078,5982952.8974429341,96.5905794886,9.8283795227E-5,23.8935957079,175.8848571777,19.3102056194,263.5317382813,67,50,15,18.4357671473
Jan-29-2024 10:33:08.025 AM,19.9816891737,5983075.1218265854,96.6150243653,0.0001231809,5986815.6089566955,97.3631217913,0.0002224078,5982952.8974429341,96.5905794886,9.8283795227E-5,23.8935957079,175.8848571777,19.3102056194,263.5317382813,67,50,15,18.4357671473
Jan-29-2024 10:33:08.133 AM,19.9816891737,5983075.1218265854,96.6150243653,0.0001231809,5986815.6089566955,97.3631217913,0.0002224078,5982952.8974429341,96.5905794886,9.8283795227E-5,23.8935957079,175.8848571777,19.3102056194,263.5317382813,67,50,15,18.4357671473
Jan-29-2024 10:33:08.241 AM,19.9816891737,5983075.1218265854,96.6150243653,0.0001231809,5986815.6089566955,97.3631217913,0.0002224078,5982952.8974429341,96.5905794886,9.8283795227E-5,23.8935957079,175.8848571777,19.3102056194,263.5317382813,67,50,15,18.4357671473
Jan-29-2024 10:33:08.349 AM,20.0152590219,5983075.1218265854,96.6150243653,0.0001231809,5986815.6089566955,97.3631217913,0.0002224078,5982952.8974429341,96.5905794886,9.8283795227E-5,23.8935957079,175.8848571777,19.3102056194,263.5317382813,67,50,15,18.5799954223
Jan-29-2024 10:33:08.463 AM,19.9694819562,5983075.1218265854,96.6150243653,0.0001231809,5986815.6089566955,97.3631217913,0.0002224078,5982952.8974429341,96.5905794886,9.8283795227E-5,11.2509810126,165.4034729004,19.7966559314,264.5124206543,66,50,15,18.2024567025
Jan-29-2024 10:33:08.569 AM,19.9694819562,5983075.1218265854,96.6150243653,0.0001231809,5986815.6089566955,97.3631217913,0.0002224078,5982952.8974429341,96.5905794886,9.8283795227E-5,11.2509810126,165.4034729004,19.7966559314,264.5124206543,66,50,15,18.2024567025
Jan-29-2024 10:33:08.682 AM,19.9847409781,5983075.1218265854,96.6150243653,0.0001231809,5986815.6089566955,97.3631217913,0.0002224078,5982952.8974429341,96.5905794886,9.8283795227E-5,11.2509810126,165.4034729004,19.7966559314,264.5124206543,66,50,15,18.3594110018
Jan-29-2024 10:33:08.789 AM,19.9847409781,5983075.1218265854,96.6150243653,0.0001231809,5986815.6089566955,97.3631217913,0.0002224078,5982952.8974429341,96.5905794886,9.8283795227E-5,11.2509810126,165.4034729004,19.7966559314,264.5124206543,66,50,15,18.3594110018
Jan-29-2024 10:33:08.890 AM,19.9923704891,5983075.0844323589,96.6150168865,0.0001333173,5986815.5986815598,97.3631197363,0.0001834709,5982952.8696727715,96.5905739346,0.0001043071,9.2037540583,180.2367706299,19.0814629482,263.2252502441,66,50,15,18.7708857862
Jan-29-2024 10:33:08.991 AM,19.9923704891,5983075.0844323589,96.6150168865,0.0001333173,5986815.5986815598,97.3631197363,0.0001834709,5982952.8696727715,96.5905739346,0.0001043071,9.2037540583,180.2367706299,19.0814629482,263.2252502441,66,50,15,18.7708857862
Jan-29-2024 10:33:09.091 AM,19.9923704891,5983075.0844323589,96.6150168865,0.0001333173,5986815.5986815598,97.3631197363,0.0001834709,5982952.8696727715,96.5905739346,0.0001043071,9.2037540583,180.2367706299,19.0814629482,263.2252502441,66,50,15,18.7708857862
Jan-29-2024 10:33:09.192 AM,19.9923704891,5983075.0844323589,96.6150168865,0.0001333173,5986815.5986815598,97.3631197363,0.0001834709,5982952.8696727715,96.5905739346,0.0001043071,9.2037540583,180.2367706299,19.0814629482,263.2252502441,66,50,15,18.7708857862
Jan-29-2024 10:33:09.302 AM,20.0015259022,5983075.0844323589,96.6150168865,0.0001333173,5986815.5986815598,97.3631197363,0.0001834709,5982952.8696727715,96.5905739346,0.0001043071,9.2037540583,180.2367706299,19.0814629482,263.2252502441,66,50,15,18.4951552605
Jan-29-2024 10:33:09.410 AM,20.0015259022,5983075.0844323589,96.6150168865,0.0001333173,5986815.5986815598,97.3631197363,0.0001834709,5982952.8696727715,96.5905739346,0.0001043071,9.2037540583,180.2367706299,19.0814629482,263.2252502441,66,50,15,18.4951552605
Jan-29-2024 10:33:09.511 AM,20.0045777066,5983075.0844323589,96.6150168865,0.0001333173,5986815.5986815598,97.3631197363,0.0001834709,5982952.8696727715,96.5905739346,0.0001043071,9.2037540583,180.2367706299,19.0814629482,263.2252502441,66,50,15,18.3763790341
Jan-29-2024 10:33:09.617 AM,20.0045777066,5983075.0844323589,96.6150168865,0.0001333173,5986815.5986815598,97.3631197363,0.0001834709,5982952.8696727715,96.5905739346,0.0001043071,9.2037540583,180.2367706299,19.0814629482,263.2252502441,66,50,15,18.3763790341
Jan-29-2024 10:33:09.722 AM,20.0106813153,5983075.0844323589,96.6150168865,0.0001333173,5986815.5986815598,97.3631197363,0.0001834709,5982952.8696727715,96.5905739346,0.0001043071,9.5041382945,180.6045379639,19.2697721268,263.684967041,66,50,15,18.3000228885
Jan-29-2024 10:33:09.836 AM,20.0106813153,5983075.0844323589,96.6150168865,0.0001333173,5986815.5986815598,97.3631197363,0.0001834709,5982952.8696727715,96.5905739346,0.0001043071,9.5041382945,180.6045379639,19.2697721268,263.684967041,66,50,15,18.3000228885
Jan-29-2024 10:33:09.941 AM,20.0045777066,5983075.1218265854,96.6150243653,6.6443697252E-5,5986815.5715390872,97.3631143078,0.0001699885,5982952.8600494741,96.5905720099,9.0855522099E-5,9.5041382945,180.6045379639,19.2697721268,263.684967041,66,50,15,18.223666743
Jan-29-2024 10:33:10.050 AM,20.0045777066,5983075.1218265854,96.6150243653,6.6443697252E-5,5986815.5715390872,97.3631143078,0.0001699885,5982952.8600494741,96.5905720099,9.0855522099E-5,9.5041382945,180.6045379639,19.2697721268,263.684967041,66,50,15,18.223666743
Jan-29-2024 10:33:10.161 AM,20.0045777066,5983075.1218265854,96.6150243653,6.6443697252E-5,5986815.5715390872,97.3631143078,0.0001699885,5982952.8600494741,96.5905720099,9.0855522099E-5,9.5041382945,180.6045379639,19.2697721268,263.684967041,66,50,15,18.223666743
Jan-29-2024 10:33:10.269 AM,20.0045777066,5983075.1218265854,96.6150243653,6.6443697252E-5,5986815.5715390872,97.3631143078,0.0001699885,5982952.8600494741,96.5905720099,9.0855522099E-5,9.5041382945,180.6045379639,19.2697721268,263.684967041,66,50,15,18.223666743
Jan-29-2024 10:33:10.380 AM,20.0015259022,5983075.1218265854,96.6150243653,6.6443697252E-5,5986815.5715390872,97.3631143078,0.0001699885,5982952.8600494741,96.5905720099,9.0855522099E-5,9.6883542006,180.7577819824,19.2294592672,263.1333312988,66,50,15,18.2788128481
Jan-29-2024 10:33:10.488 AM,20.0015259022,5983075.1218265854,96.6150243653,6.6443697252E-5,5986815.5715390872,97.3631143078,0.0001699885,5982952.8600494741,96.5905720099,9.0855522099E-5,9.6883542006,180.7577819824,19.2294592672,263.1333312988,66,50,15,18.2788128481
Jan-29-2024 10:33:10.603 AM,20.0045777066,5983075.1218265854,96.6150243653,6.6443697252E-5,5986815.5715390872,97.3631143078,0.0001699885,5982952.8600494741,96.5905720099,9.0855522099E-5,9.6883542006,180.7577819824,19.2294592672,263.1333312988,66,50,15,18.4060730907
Jan-29-2024 10:33:10.711 AM,20.0015259022,5983075.1218265854,96.6150243653,6.6443697252E-5,5986815.5715390872,97.3631143078,0.0001699885,5982952.8600494741,96.5905720099,9.0855522099E-5,9.6883542006,180.7577819824,19.2294592672,263.1333312988,66,50,15,18.3424429694
Jan-29-2024 10:33:10.819 AM,20.0015259022,5983075.1218265854,96.6150243653,6.6443697252E-5,5986815.5715390872,97.3631143078,0.0001699885,5982952.8600494741,96.5905720099,9.0855522099E-5,9.6883542006,180.7577819824,19.2294592672,263.1333312988,66,50,15,18.3424429694
Jan-29-2024 10:33:10.929 AM,20.0015259022,5983075.1218265854,96.6150243653,6.6443697252E-5,5986815.5715390872,97.3631143078,0.0001699885,5982952.8600494741,96.5905720099,9.0855522099E-5,9.6883542006,180.7577819824,19.2294592672,263.1333312988,66,50,15,18.3424429694
Jan-29-2024 10:33:11.036 AM,20.0015259022,5983075.1218265854,96.6150243653,6.6443697252E-5,5986815.5715390872,97.3631143078,0.0001699885,5982952.8600494741,96.5905720099,9.0855522099E-5,9.6883542006,180.7577819824,19.2294592672,263.1333312988,66,50,15,18.3424429694
Jan-29-2024 10:33:11.145 AM,20,5983075.1592208119,96.6150318442,1.4362474626E-5,5986815.1683791764,97.3630336758,0.0005349347,5982953.3365411256,96.5906673082,-0.0004056214,9.0817322229,180.6045379639,19.607050088,264.052734375,66,50,15,18.3466849775
Jan-29-2024 10:33:11.258 AM,20,5983075.1592208119,96.6150318442,1.4362474626E-5,5986815.1683791764,97.3630336758,0.0005349347,5982953.3365411256,96.5906673082,-0.0004056214,9.0817322229,180.6045379639,19.607050088,264.052734375,66,50,15,18.3466849775
Jan-29-2024 10:33:11.364 AM,19.9969481956,5983075.1592208119,96.6150318442,1.4362474626E-5,5986815.1683791764,97.3630336758,0.0005349347,5982953.3365411256,96.5906673082,-0.0004056214,9.0817322229,180.6045379639,19.607050088,264.052734375,66,50,15,18.3254749371
Jan-29-2024 10:33:11.473 AM,19.9969481956,5983075.1592208119,96.6150318442,1.4362474626E-5,5986815.1683791764,97.3630336758,0.0005349347,5982953.3365411256,96.5906673082,-0.0004056214,9.0817322229,180.6045379639,19.607050088,264.052734375,66,50,15,18.3254749371
Jan-29-2024 10:33:11.582 AM,19.9969481956,5983075.1592208119,96.6150318442,1.4362474626E-5,5986815.1683791764,97.3630336758,0.0005349347,5982953.3365411256,96.5906673082,-0.0004056214,9.4882195641,180.9723052979,19.3078458786,264.2059631348,66,50,15,18.3424429694
Jan-29-2024 10:33:11.696 AM,19.9969481956,5983075.1592208119,96.6150318442,1.4362474626E-5,5986815.1683791764,97.3630336758,0.0005349347,5982953.3365411256,96.5906673082,-0.0004056214,9.4882195641,180.9723052979,19.3078458786,264.2059631348,66,50,15,18.3424429694
Jan-29-2024 10:33:11.806 AM,19.9969481956,5983075.1592208119,96.6150318442,1.4362474626E-5,5986815.1683791764,97.3630336758,0.0005349347,5982953.3365411256,96.5906673082,-0.0004056214,9.4882195641,180.9723052979,19.3078458786,264.2059631348,66,50,15,18.3636530098
Jan-29-2024 10:33:11.914 AM,20.0076295109,5983074.9161583465,96.6149832317,0.000254181,5986815.5238463581,97.3631047693,6.168031936E-5,5982952.8696727715,96.5905739346,0.0001508605,9.4882195641,180.9723052979,19.3078458786,264.2059631348,66,50,15,18.4060730907
Jan-29-2024 10:33:12.025 AM,20.0076295109,5983074.9161583465,96.6149832317,0.000254181,5986815.5238463581,97.3631047693,6.168031936E-5,5982952.8696727715,96.5905739346,0.0001508605,9.4882195641,180.9723052979,19.3078458786,264.2059631348,66,50,15,18.4060730907
Jan-29-2024 10:33:12.132 AM,20.0076295109,5983074.9161583465,96.6149832317,0.000254181,5986815.5238463581,97.3631047693,6.168031936E-5,5982952.8696727715,96.5905739346,0.0001508605,9.4882195641,180.9723052979,19.3078458786,264.2059631348,66,50,15,18.4060730907
Jan-29-2024 10:33:12.238 AM,20.0076295109,5983074.9161583465,96.6149832317,0.000254181,5986815.5238463581,97.3631047693,6.168031936E-5,5982952.8696727715,96.5905739346,0.0001508605,9.4882195641,180.9723052979,19.3078458786,264.2059631348,66,50,15,18.4060730907
Jan-29-2024 10:33:12.347 AM,20.0030518044,5983074.9161583465,96.6149832317,0.000254181,5986815.5238463581,97.3631047693,6.168031936E-5,5982952.8696727715,96.5905739346,0.0001508605,9.1738751552,181.0335998535,19.3506265557,264.0833740234,66,50,15,18.2363927672
Jan-29-2024 10:33:12.456 AM,20.0030518044,5983074.9161583465,96.6149832317,0.000254181,5986815.5238463581,97.3631047693,6.168031936E-5,5982952.8696727715,96.5905739346,0.0001508605,9.1738751552,181.0335998535,19.3506265557,264.0833740234,66,50,15,18.2363927672
Jan-29-2024 10:33:12.571 AM,20.0091554131,5983074.9161583465,96.6149832317,0.000254181,5986815.5238463581,97.3631047693,6.168031936E-5,5982952.8696727715,96.5905739346,0.0001508605,9.1738751552,181.0335998535,19.3506265557,264.0833740234,66,50,15,18.2363927672
Jan-29-2024 10:33:12.684 AM,20.0091554131,5983074.9161583465,96.6149832317,0.000254181,5986815.5238463581,97.3631047693,6.168031936E-5,5982952.8696727715,96.5905739346,0.0001508605,9.1738751552,181.0335998535,19.3506265557,264.0833740234,66,50,15,18.2363927672
Jan-29-2024 10:33:12.788 AM,20,5983074.9161583465,96.6149832317,0.000254181,5986815.5238463581,97.3631047693,6.168031936E-5,5982952.8696727715,96.5905739346,0.0001508605,9.8326092301,180.8190765381,19.258574358,263.5317382813,66,50,15,18.3000228885
Jan-29-2024 10:33:12.896 AM,20,5983074.9161583465,96.6149832317,0.000254181,5986815.5238463581,97.3631047693,6.168031936E-5,5982952.8696727715,96.5905739346,0.0001508605,9.8326092301,180.8190765381,19.258574358,263.5317382813,66,50,15,18.3000228885
Jan-29-2024 10:33:13.005 AM,20,5983074.9161583465,96.6149832317,0.000254181,5986815.5238463581,97.3631047693,6.168031936E-5,5982952.8696727715,96.5905739346,0.0001508605,9.8326092301,180.8190765381,19.258574358,263.5317382813,66,50,15,18.3000228885
Jan-29-2024 10:33:13.113 AM,19.9938963912,5983075.1592208119,96.6150318442,-4.5039141669E-5,5986815.5341214808,97.3631068243,3.7777166974E-5,5982952.8600494741,96.5905720099,0.0001271113,9.8326092301,180.8190765381,19.258574358,263.5317382813,66,50,15,18.3509269856
Jan-29-2024 10:33:13.213 AM,19.9938963912,5983075.1592208119,96.6150318442,-4.5039141669E-5,5986815.5341214808,97.3631068243,3.7777166974E-5,5982952.8600494741,96.5905720099,0.0001271113,9.8326092301,180.8190765381,19.258574358,263.5317382813,66,50,15,18.3509269856
Jan-29-2024 10:33:13.320 AM,19.9908445869,5983075.1592208119,96.6150318442,-4.5039141669E-5,5986815.5341214808,97.3631068243,3.7777166974E-5,5982952.8600494741,96.5905720099,0.0001271113,9.8326092301,180.8190765381,19.258574358,263.5317382813,66,50,15,18.3933470665
Jan-29-2024 10:33:13.430 AM,19.9908445869,5983075.1592208119,96.6150318442,-4.5039141669E-5,5986815.5341214808,97.3631068243,3.7777166974E-5,5982952.8600494741,96.5905720099,0.0001271113,9.8326092301,180.8190765381,19.258574358,263.5317382813,66,50,15,18.3933470665
Jan-29-2024 10:33:13.538 AM,19.9908445869,5983075.1592208119,96.6150318442,-4.5039141669E-5,5986815.5341214808,97.3631068243,3.7777166974E-5,5982952.8600494741,96.5905720099,0.0001271113,9.657030437,181.4933166504,19.2003441764,262.7349243164,66,50,15,18.469703212
Jan-29-2024 10:33:13.647 AM,19.9984740978,5983075.1592208119,96.6150318442,-4.5039141669E-5,5986815.5341214808,97.3631068243,3.7777166974E-5,5982952.8600494741,96.5905720099,0.0001271113,9.657030437,181.4933166504,19.2003441764,262.7349243164,66,50,15,18.4951552605
Jan-29-2024 10:33:13.755 AM,19.9984740978,5983075.1592208119,96.6150318442,-4.5039141669E-5,5986815.5341214808,97.3631068243,3.7777166974E-5,5982952.8600494741,96.5905720099,0.0001271113,9.657030437,181.4933166504,19.2003441764,262.7349243164,66,50,15,18.4951552605
Jan-29-2024 10:33:13.864 AM,19.9984740978,5983075.1592208119,96.6150318442,-4.5039141669E-5,5986815.5341214808,97.3631068243,3.7777166974E-5,5982952.8600494741,96.5905720099,0.0001271113,9.657030437,181.4933166504,19.2003441764,262.7349243164,66,50,15,18.4951552605
Jan-29-2024 10:33:13.979 AM,20.0015259022,5983075.1218265854,96.6150243653,2.3074100235E-6,5986815.5238463581,97.3631047693,3.9680401265E-5,5982952.4113279786,96.5904822656,0.0005476106,9.8376084432,180.9110107422,19.4270150541,263.7156066895,66,50,15,18.4824292363
Jan-29-2024 10:33:14.081 AM,20.0015259022,5983075.1218265854,96.6150243653,2.3074100235E-6,5986815.5238463581,97.3631047693,3.9680401265E-5,5982952.4113279786,96.5904822656,0.0005476106,9.8376084432,180.9110107422,19.4270150541,263.7156066895,66,50,15,18.4824292363
Jan-29-2024 10:33:14.195 AM,20.0015259022,5983075.1218265854,96.6150243653,2.3074100235E-6,5986815.5238463581,97.3631047693,3.9680401265E-5,5982952.4113279786,96.5904822656,0.0005476106,9.8376084432,180.9110107422,19.4270150541,263.7156066895,66,50,15,18.4824292363
Jan-29-2024 10:33:14.302 AM,20.0091554131,5983075.1218265854,96.6150243653,2.3074100235E-6,5986815.5238463581,97.3631047693,3.9680401265E-5,5982952.4113279786,96.5904822656,0.0005476106,9.8376084432,180.9110107422,19.4270150541,263.7156066895,66,50,15,18.3975890745
Jan-29-2024 10:33:14.416 AM,20.0091554131,5983075.1218265854,96.6150243653,2.3074100235E-6,5986815.5238463581,97.3631047693,3.9680401265E-5,5982952.4113279786,96.5904822656,0.0005476106,9.8376084432,180.9110107422,19.4270150541,263.7156066895,66,50,15,18.3975890745
Jan-29-2024 10:33:14.527 AM,20.0030518044,5983075.1218265854,96.6150243653,2.3074100235E-6,5986815.5238463581,97.3631047693,3.9680401265E-5,5982952.4113279786,96.5904822656,0.0005476106,9.8376084432,180.9110107422,19.4270150541,263.7156066895,66,50,15,18.3000228885
Jan-29-2024 10:33:14.635 AM,20.0030518044,5983075.1218265854,96.6150243653,2.3074100235E-6,5986815.5238463581,97.3631047693,3.9680401265E-5,5982952.4113279786,96.5904822656,0.0005476106,9.8376084432,180.9110107422,19.4270150541,263.7156066895,66,50,15,18.3000228885
Jan-29-2024 10:33:14.749 AM,20.0015259022,5983075.1218265854,96.6150243653,2.3074100235E-6,5986815.5238463581,97.3631047693,3.9680401265E-5,5982952.4113279786,96.5904822656,0.0005476106,9.657030437,181.4933166504,19.4583097537,263.4397888184,66,50,15,18.2703288319
Jan-29-2024 10:33:14.850 AM,20.0015259022,5983075.1218265854,96.6150243653,2.3074100235E-6,5986815.5238463581,97.3631047693,3.9680401265E-5,5982952.4113279786,96.5904822656,0.0005476106,9.657030437,181.4933166504,19.4583097537,263.4397888184,66,50,15,18.2703288319
Jan-29-2024 10:33:14.960 AM,20.0015259022,5983075.1218265854,96.6150243653,2.3074100235E-6,5986815.5238463581,97.3631047693,3.9680401265E-5,5982952.4113279786,96.5904822656,0.0005476106,9.657030437,181.4933166504,19.4583097537,263.4397888184,66,50,15,18.2703288319
Jan-29-2024 10:33:15.069 AM,20.0015259022,5983075.1218265854,96.6150243653,2.3074100235E-6,5986815.5238463581,97.3631047693,3.9680401265E-5,5982952.4113279786,96.5904822656,0.0005476106,9.657030437,181.4933166504,19.4583097537,263.4397888184,66,50,15,18.2703288319
Jan-29-2024 10:33:15.170 AM,20,5983075.1592208119,96.6150318442,-3.5586916091E-5,5986815.4592862679,97.3630918573,9.5365147081E-5,5982952.8696727715,96.5905739346,-3.1757705474E-5,9.657030437,181.4933166504,19.4583097537,263.4397888184,66,50,15,18.3933470665
Jan-29-2024 10:33:15.285 AM,20,5983075.1592208119,96.6150318442,-3.5586916091E-5,5986815.4592862679,97.3630918573,9.5365147081E-5,5982952.8696727715,96.5905739346,-3.1757705474E-5,9.657030437,181.4933166504,19.4583097537,263.4397888184,66,50,15,18.3933470665
Jan-29-2024 10:33:15.399 AM,19.9984740978,5983075.1592208119,96.6150318442,-3.5586916091E-5,5986815.4592862679,97.3630918573,9.5365147081E-5,5982952.8696727715,96.5905739346,-3.1757705474E-5,9.7499624827,181.2481384277,18.9015477391,263.5930175781,66,50,15,18.3042648966
Jan-29-2024 10:33:15.504 AM,19.9984740978,5983075.1592208119,96.6150318442,-3.5586916091E-5,5986815.4592862679,97.3630918573,9.5365147081E-5,5982952.8696727715,96.5905739346,-3.1757705474E-5,9.7499624827,181.2481384277,18.9015477391,263.5930175781,66,50,15,18.3042648966
Jan-29-2024 10:33:15.618 AM,19.9984740978,5983075.1592208119,96.6150318442,-3.5586916091E-5,5986815.4592862679,97.3630918573,9.5365147081E-5,5982952.8696727715,96.5905739346,-3.1757705474E-5,9.7499624827,181.2481384277,18.9015477391,263.5930175781,66,50,15,18.3509269856
Jan-29-2024 10:33:15.724 AM,20.0015259022,5983075.1592208119,96.6150318442,-3.5586916091E-5,5986815.4592862679,97.3630918573,9.5365147081E-5,5982952.8696727715,96.5905739346,-3.1757705474E-5,9.7499624827,181.2481384277,18.9015477391,263.5930175781,66,50,15,18.372137026
Jan-29-2024 10:33:15.825 AM,20.0015259022,5983075.1592208119,96.6150318442,-3.5586916091E-5,5986815.4592862679,97.3630918573,9.5365147081E-5,5982952.8696727715,96.5905739346,-3.1757705474E-5,9.7499624827,181.2481384277,18.9015477391,263.5930175781,66,50,15,18.372137026
Jan-29-2024 10:33:15.925 AM,20.0015259022,5983075.1592208119,96.6150318442,-3.5586916091E-5,5986815.4592862679,97.3630918573,9.5365147081E-5,5982952.8696727715,96.5905739346,-3.1757705474E-5,9.7499624827,181.2481384277,18.9015477391,263.5930175781,66,50,15,18.372137026
Jan-29-2024 10:33:16.035 AM,20.0015259022,5983075.1592208119,96.6150318442,-3.5586916091E-5,5986815.4592862679,97.3630918573,9.5365147081E-5,5982952.8696727715,96.5905739346,-3.1757705474E-5,9.7499624827,181.2481384277,18.9015477391,263.5930175781,66,50,15,18.372137026
Jan-29-2024 10:33:16.150 AM,20.0015259022,5983075.1592208119,96.6150318442,-3.5586916091E-5,5986815.4592862679,97.3630918573,9.5365147081E-5,5982952.8696727715,96.5905739346,-3.1757705474E-5,9.7499624827,181.2481384277,18.9015477391,263.5930175781,66,50,15,18.372137026
Jan-29-2024 10:33:16.263 AM,19.9969481956,5983075.1218265854,96.6150243653,9.6688107054E-6,5986815.4592862679,97.3630918573,7.4270451224E-5,5982952.8600494741,96.5905720099,-1.5111887053E-5,9.6678542361,181.0335998535,19.3595854882,263.5010681152,66,50,15,18.2957808804
Jan-29-2024 10:33:16.371 AM,19.9969481956,5983075.1218265854,96.6150243653,9.6688107054E-6,5986815.4592862679,97.3630918573,7.4270451224E-5,5982952.8600494741,96.5905720099,-1.5111887053E-5,9.6678542361,181.0335998535,19.3595854882,263.5010681152,66,50,15,18.3763790341
Jan-29-2024 10:33:16.472 AM,19.9969481956,5983075.1218265854,96.6150243653,9.6688107054E-6,5986815.4592862679,97.3630918573,7.4270451224E-5,5982952.8600494741,96.5905720099,-1.5111887053E-5,9.6678542361,181.0335998535,19.3595854882,263.5010681152,66,50,15,18.3763790341
Jan-29-2024 10:33:16.585 AM,20,5983075.1218265854,96.6150243653,9.6688107054E-6,5986815.4592862679,97.3630918573,7.4270451224E-5,5982952.8600494741,96.5905720099,-1.5111887053E-5,9.7720516042,181.0029602051,19.3415743356,263.2559204102,66,50,15,18.4315251392
Jan-29-2024 10:33:16.693 AM,20,5983075.1218265854,96.6150243653,9.6688107054E-6,5986815.4592862679,97.3630918573,7.4270451224E-5,5982952.8600494741,96.5905720099,-1.5111887053E-5,9.7720516042,181.0029602051,19.3415743356,263.2559204102,66,50,15,18.4315251392
Jan-29-2024 10:33:16.802 AM,20,5983075.1218265854,96.6150243653,9.6688107054E-6,5986815.4592862679,97.3630918573,7.4270451224E-5,5982952.8600494741,96.5905720099,-1.5111887053E-5,9.7720516042,181.0029602051,19.3415743356,263.2559204102,66,50,15,18.3636530098
Jan-29-2024 10:33:16.908 AM,20,5983075.1218265854,96.6150243653,9.6688107054E-6,5986815.4592862679,97.3630918573,7.4270451224E-5,5982952.8600494741,96.5905720099,-1.5111887053E-5,9.7720516042,181.0029602051,19.3415743356,263.2559204102,66,50,15,18.3636530098
Jan-29-2024 10:33:17.009 AM,20.0030518044,5983074.6730959006,96.6149346192,0.0004561372,5986815.4218686624,97.3630843737,9.5202652118E-5,5982952.8600494741,96.5905720099,-1.1769149471E-5,9.7720516042,181.0029602051,19.3415743356,263.2559204102,66,50,15,18.3382009613
Jan-29-2024 10:33:17.119 AM,20.0030518044,5983074.6730959006,96.6149346192,0.0004561372,5986815.4218686624,97.3630843737,9.5202652118E-5,5982952.8600494741,96.5905720099,-1.1769149471E-5,9.7720516042,181.0029602051,19.3415743356,263.2559204102,66,50,15,18.3382009613
Jan-29-2024 10:33:17.228 AM,20.0030518044,5983074.6730959006,96.6149346192,0.0004561372,5986815.4218686624,97.3630843737,9.5202652118E-5,5982952.8600494741,96.5905720099,-1.1769149471E-5,9.7720516042,181.0029602051,19.3415743356,263.2559204102,66,50,15,18.3382009613
Jan-29-2024 10:33:17.338 AM,20.0015259022,5983074.6730959006,96.6149346192,0.0004561372,5986815.4218686624,97.3630843737,9.5202652118E-5,5982952.8600494741,96.5905720099,-1.1769149471E-5,9.5846639257,181.4626617432,19.2855026937,263.1946105957,66,50,15,18.3891050584
Jan-29-2024 10:33:17.451 AM,20.0015259022,5983074.6730959006,96.6149346192,0.0004561372,5986815.4218686624,97.3630843737,9.5202652118E-5,5982952.8600494741,96.5905720099,-1.1769149471E-5,9.5846639257,181.4626617432,19.2855026937,263.1946105957,66,50,15,18.3891050584
Jan-29-2024 10:33:17.566 AM,20.0091554131,5983074.6730959006,96.6149346192,0.0004561372,5986815.4218686624,97.3630843737,9.5202652118E-5,5982952.8600494741,96.5905720099,-1.1769149471E-5,9.5846639257,181.4626617432,19.2855026937,263.1946105957,66,50,15,18.3254749371
Jan-29-2024 10:33:17.680 AM,19.9969481956,5983074.6730959006,96.6149346192,0.0004561372,5986815.4218686624,97.3630843737,9.5202652118E-5,5982952.8600494741,96.5905720099,-1.1769149471E-5,9.7687424122,180.9416656494,19.2451352514,263.3478393555,66,50,15,18.2915388724
Jan-29-2024 10:33:17.786 AM,19.9969481956,5983074.6730959006,96.6149346192,0.0004561372,5986815.4218686624,97.3630843737,9.5202652118E-5,5982952.8600494741,96.5905720099,-1.1769149471E-5,9.7687424122,180.9416656494,19.2451352514,263.3478393555,66,50,15,18.2915388724
Jan-29-2024 10:33:17.894 AM,19.9969481956,5983075.5983075593,96.6151196615,-0.0005697168,5986815.4115935601,97.3630823187,8.4403393996E-5,5982952.8600494741,96.5905720099,-9.1658228238E-6,9.7687424122,180.9416656494,19.2451352514,263.3478393555,66,50,15,18.3169909209
Jan-29-2024 10:33:18.004 AM,19.9969481956,5983075.5983075593,96.6151196615,-0.0005697168,5986815.4115935601,97.3630823187,8.4403393996E-5,5982952.8600494741,96.5905720099,-9.1658228238E-6,9.7687424122,180.9416656494,19.2451352514,263.3478393555,66,50,15,18.3169909209
Jan-29-2024 10:33:18.114 AM,19.9969481956,5983075.5983075593,96.6151196615,-0.0005697168,5986815.4115935601,97.3630823187,8.4403393996E-5,5982952.8600494741,96.5905720099,-9.1658228238E-6,9.7687424122,180.9416656494,19.2451352514,263.3478393555,66,50,15,18.3169909209
Jan-29-2024 10:33:18.222 AM,19.9969481956,5983075.5983075593,96.6151196615,-0.0005697168,5986815.4115935601,97.3630823187,8.4403393996E-5,5982952.8600494741,96.5905720099,-9.1658228238E-6,9.7687424122,180.9416656494,19.2451352514,263.3478393555,66,50,15,18.3169909209
Jan-29-2024 10:33:18.336 AM,19.9969481956,5983075.5983075593,96.6151196615,-0.0005697168,5986815.4115935601,97.3630823187,8.4403393996E-5,5982952.8600494741,96.5905720099,-9.1658228238E-6,9.7687424122,180.9416656494,19.2451352514,263.3478393555,66,50,15,18.4484931716
Jan-29-2024 10:33:18.442 AM,19.9969481956,5983075.5983075593,96.6151196615,-0.0005697168,5986815.4115935601,97.3630823187,8.4403393996E-5,5982952.8600494741,96.5905720099,-9.1658228238E-6,9.7687424122,180.9416656494,19.2451352514,263.3478393555,66,50,15,18.4484931716
Jan-29-2024 10:33:18.543 AM,19.9954222934,5983075.5983075593,96.6151196615,-0.0005697168,5986815.4115935601,97.3630823187,8.4403393996E-5,5982952.8600494741,96.5905720099,-9.1658228238E-6,9.4417413033,180.7577819824,19.4337886524,263.8075561523,66,50,15,18.4145571069
Jan-29-2024 10:33:18.644 AM,19.9954222934,5983075.5983075593,96.6151196615,-0.0005697168,5986815.4115935601,97.3630823187,8.4403393996E-5,5982952.8600494741,96.5905720099,-9.1658228238E-6,9.4417413033,180.7577819824,19.4337886524,263.8075561523,66,50,15,18.4145571069
Jan-29-2024 10:33:18.744 AM,19.9969481956,5983075.5983075593,96.6151196615,-0.0005697168,5986815.4115935601,97.3630823187,8.4403393996E-5,5982952.8600494741,96.5905720099,-9.1658228238E-6,9.4417413033,180.7577819824,19.4337886524,263.8075561523,66,50,15,18.3848630503
Jan-29-2024 10:33:18.856 AM,19.9969481956,5983075.5983075593,96.6151196615,-0.0005697168,5986815.4115935601,97.3630823187,8.4403393996E-5,5982952.8600494741,96.5905720099,-9.1658228238E-6,9.4417413033,180.7577819824,19.4337886524,263.8075561523,66,50,15,18.3848630503
Jan-29-2024 10:33:18.957 AM,19.9969481956,5983075.5983075593,96.6151196615,-0.0005697168,5986815.4115935601,97.3630823187,8.4403393996E-5,5982952.8600494741,96.5905720099,-9.1658228238E-6,9.4417413033,180.7577819824,19.4337886524,263.8075561523,66,50,15,18.3848630503
Jan-29-2024 10:33:19.071 AM,20,5983075.5235191081,96.6151047038,-0.0003689281,5986815.4218686624,97.3630843737,5.5473935362E-5,5982952.907066239,96.5905814132,-5.4144079522E-5,9.6662179672,181.0029602051,19.1530825153,263.5010681152,66,50,15,18.4103150988
Jan-29-2024 10:33:19.184 AM,20,5983075.5235191081,96.6151047038,-0.0003689281,5986815.4218686624,97.3630843737,5.5473935362E-5,5982952.907066239,96.5905814132,-5.4144079522E-5,9.6662179672,181.0029602051,19.1530825153,263.5010681152,66,50,15,18.4103150988
Jan-29-2024 10:33:19.285 AM,20.0015259022,5983075.5235191081,96.6151047038,-0.0003689281,5986815.4218686624,97.3630843737,5.5473935362E-5,5982952.907066239,96.5905814132,-5.4144079522E-5,9.6662179672,181.0029602051,19.1530825153,263.5010681152,66,50,15,18.3678950179
Jan-29-2024 10:33:19.394 AM,20.0015259022,5983075.5235191081,96.6151047038,-0.0003689281,5986815.4218686624,97.3630843737,5.5473935362E-5,5982952.907066239,96.5905814132,-5.4144079522E-5,9.6662179672,181.0029602051,19.1530825153,263.5010681152,66,50,15,18.3678950179
Jan-29-2024 10:33:19.509 AM,20.0015259022,5983075.5235191081,96.6151047038,-0.0003689281,5986815.4218686624,97.3630843737,5.5473935362E-5,5982952.907066239,96.5905814132,-5.4144079522E-5,9.6662179672,181.0029602051,19.1530825153,263.5010681152,66,50,15,18.3678950179
Jan-29-2024 10:33:19.621 AM,20,5983075.5235191081,96.6151047038,-0.0003689281,5986815.4218686624,97.3630843737,5.5473935362E-5,5982952.907066239,96.5905814132,-5.4144079522E-5,9.6662179672,181.0029602051,19.1530825153,263.5010681152,66,50,15,18.3254749371
Jan-29-2024 10:33:19.728 AM,19.9984740978,5983075.5235191081,96.6151047038,-0.0003689281,5986815.4218686624,97.3630843737,5.5473935362E-5,5982952.907066239,96.5905814132,-5.4144079522E-5,10.0576818732,181.0642547607,19.4741560996,263.6543273926,66,50,15,18.3127489128
Jan-29-2024 10:33:19.841 AM,19.9984740978,5983075.5235191081,96.6151047038,-0.0003689281,5986815.4218686624,97.3630843737,5.5473935362E-5,5982952.907066239,96.5905814132,-5.4144079522E-5,10.0576818732,181.0642547607,19.4741560996,263.6543273926,66,50,15,18.3127489128
Jan-29-2024 10:33:19.943 AM,19.9984740978,5983075.5235191081,96.6151047038,-0.0003689281,5986815.4218686624,97.3630843737,5.5473935362E-5,5982952.907066239,96.5905814132,-5.4144079522E-5,10.0576818732,181.0642547607,19.4741560996,263.6543273926,66,50,15,18.3127489128
Jan-29-2024 10:33:20.043 AM,19.9984740978,5983075.5235191081,96.6151047038,-0.0003689281,5986815.4218686624,97.3630843737,5.5473935362E-5,5982952.907066239,96.5905814132,-5.4144079522E-5,10.0576818732,181.0642547607,19.4741560996,263.6543273926,66,50,15,18.3127489128
Jan-29-2024 10:33:20.144 AM,20.0045777066,5983075.0844323589,96.6150168865,0.0001516443,5986815.7857695716,97.3631571539,-0.000320145,5982952.8600494741,96.5905720099,4.838277999E-6,10.0576818732,181.0642547607,19.4741560996,263.6543273926,66,50,15,18.4103150988
Jan-29-2024 10:33:20.254 AM,20.0045777066,5983075.0844323589,96.6150168865,0.0001516443,5986815.7857695716,97.3631571539,-0.000320145,5982952.8600494741,96.5905720099,4.838277999E-6,10.0576818732,181.0642547607,19.4741560996,263.6543273926,66,50,15,18.4103150988
Jan-29-2024 10:33:20.357 AM,20.0030518044,5983075.0844323589,96.6150168865,0.0001516443,5986815.7857695716,97.3631571539,-0.000320145,5982952.8600494741,96.5905720099,4.838277999E-6,9.6645808834,180.9723052979,18.9796346678,263.9607849121,66,50,15,18.3424429694
Jan-29-2024 10:33:20.458 AM,20.0030518044,5983075.0844323589,96.6150168865,0.0001516443,5986815.7857695716,97.3631571539,-0.000320145,5982952.8600494741,96.5905720099,4.838277999E-6,9.6645808834,180.9723052979,18.9796346678,263.9607849121,66,50,15,18.3424429694
Jan-29-2024 10:33:20.566 AM,20.0015259022,5983075.0844323589,96.6150168865,0.0001516443,5986815.7857695716,97.3631571539,-0.000320145,5982952.8600494741,96.5905720099,4.838277999E-6,9.6645808834,180.9723052979,18.9796346678,263.9607849121,66,50,15,18.3127489128
Jan-29-2024 10:33:20.683 AM,20,5983075.0844323589,96.6150168865,0.0001516443,5986815.7857695716,97.3631571539,-0.000320145,5982952.8600494741,96.5905720099,4.838277999E-6,9.6645808834,180.9723052979,18.9796346678,263.9607849121,66,50,15,18.3127489128
Jan-29-2024 10:33:20.785 AM,20,5983075.0844323589,96.6150168865,0.0001516443,5986815.7857695716,97.3631571539,-0.000320145,5982952.8600494741,96.5905720099,4.838277999E-6,9.6645808834,180.9723052979,18.9796346678,263.9607849121,66,50,15,18.3127489128
Jan-29-2024 10:33:20.898 AM,20,5983075.0844323589,96.6150168865,0.0001516443,5986815.7857695716,97.3631571539,-0.000320145,5982952.8600494741,96.5905720099,4.838277999E-6,9.6645808834,180.9723052979,18.9796346678,263.9607849121,66,50,15,18.3127489128
Jan-29-2024 10:33:20.998 AM,20,5983075.0844323589,96.6150168865,0.0001516443,5986815.7857695716,97.3631571539,-0.000320145,5982952.8600494741,96.5905720099,4.838277999E-6,9.6645808834,180.9723052979,18.9796346678,263.9607849121,66,50,15,18.3127489128
Jan-29-2024 10:33:21.099 AM,20,5983075.0844323589,96.6150168865,0.0001516443,5986815.7857695716,97.3631571539,-0.000320145,5982952.8600494741,96.5905720099,4.838277999E-6,9.6645808834,180.9723052979,18.9796346678,263.9607849121,66,50,15,18.3127489128
Jan-29-2024 10:33:21.210 AM,19.9984740978,5983075.0470381333,96.6150094076,0.0001554847,5986815.3096158486,97.3630619232,0.0002261013,5982952.8600494741,96.5905720099,3.7680546943E-6,9.794045827,180.7577819824,19.2091762015,263.5623779297,66,50,15,18.372137026
Jan-29-2024 10:33:21.319 AM,20.0030518044,5983075.0470381333,96.6150094076,0.0001554847,5986815.3096158486,97.3630619232,0.0002261013,5982952.8600494741,96.5905720099,3.7680546943E-6,9.794045827,180.7577819824,19.2091762015,263.5623779297,66,50,15,18.3594110018
Jan-29-2024 10:33:21.428 AM,20.0030518044,5983075.0470381333,96.6150094076,0.0001554847,5986815.3096158486,97.3630619232,0.0002261013,5982952.8600494741,96.5905720099,3.7680546943E-6,9.794045827,180.7577819824,19.2091762015,263.5623779297,66,50,15,18.3594110018
Jan-29-2024 10:33:21.536 AM,20,5983075.0470381333,96.6150094076,0.0001554847,5986815.3096158486,97.3630619232,0.0002261013,5982952.8600494741,96.5905720099,3.7680546943E-6,9.7990271219,180.8497161865,19.1954085415,264.0833740234,66,50,15,18.3551689937
Jan-29-2024 10:33:21.644 AM,20,5983075.0470381333,96.6150094076,0.0001554847,5986815.3096158486,97.3630619232,0.0002261013,5982952.8600494741,96.5905720099,3.7680546943E-6,9.7990271219,180.8497161865,19.1954085415,264.0833740234,66,50,15,18.3551689937
Jan-29-2024 10:33:21.746 AM,20,5983075.0470381333,96.6150094076,0.0001554847,5986815.3096158486,97.3630619232,0.0002261013,5982952.8600494741,96.5905720099,3.7680546943E-6,9.7990271219,180.8497161865,19.1954085415,264.0833740234,66,50,15,18.3551689937
Jan-29-2024 10:33:21.847 AM,20.0015259022,5983075.0096439077,96.6150019288,0.0001584755,5986815.2721982459,97.3630544396,0.0002134486,5982952.8696727715,96.5905739346,-6.686474892E-6,9.7990271219,180.8497161865,19.1954085415,264.0833740234,66,50,15,18.4612191958
Jan-29-2024 10:33:21.948 AM,20.0015259022,5983075.0096439077,96.6150019288,0.0001584755,5986815.2721982459,97.3630544396,0.0002134486,5982952.8696727715,96.5905739346,-6.686474892E-6,9.7990271219,180.8497161865,19.1954085415,264.0833740234,66,50,15,18.4612191958
Jan-29-2024 10:33:22.061 AM,20.0015259022,5983075.0096439077,96.6150019288,0.0001584755,5986815.2721982459,97.3630544396,0.0002134486,5982952.8696727715,96.5905739346,-6.686474892E-6,9.7990271219,180.8497161865,19.1954085415,264.0833740234,66,50,15,18.4612191958
Jan-29-2024 10:33:22.162 AM,20.0015259022,5983075.0096439077,96.6150019288,0.0001584755,5986815.2721982459,97.3630544396,0.0002134486,5982952.8696727715,96.5905739346,-6.686474892E-6,9.7990271219,180.8497161865,19.1954085415,264.0833740234,66,50,15,18.4612191958
Jan-29-2024 10:33:22.274 AM,20.0015259022,5983075.0096439077,96.6150019288,0.0001584755,5986815.2721982459,97.3630544396,0.0002134486,5982952.8696727715,96.5905739346,-6.686474892E-6,9.7990271219,180.8497161865,19.1954085415,264.0833740234,66,50,15,18.4612191958
Jan-29-2024 10:33:22.384 AM,20,5983075.0096439077,96.6150019288,0.0001584755,5986815.2721982459,97.3630544396,0.0002134486,5982952.8696727715,96.5905739346,-6.686474892E-6,9.4431924449,181.4626617432,19.0114637523,263.684967041,66,50,15,18.3975890745
Jan-29-2024 10:33:22.494 AM,20,5983075.0096439077,96.6150019288,0.0001584755,5986815.2721982459,97.3630544396,0.0002134486,5982952.8696727715,96.5905739346,-6.686474892E-6,9.4431924449,181.4626617432,19.0114637523,263.684967041,66,50,15,18.3975890745
Jan-29-2024 10:33:22.603 AM,19.9969481956,5983075.0096439077,96.6150019288,0.0001584755,5986815.2721982459,97.3630544396,0.0002134486,5982952.8696727715,96.5905739346,-6.686474892E-6,9.4431924449,181.4626617432,19.0114637523,263.684967041,66,50,15,18.321232929
Jan-29-2024 10:33:22.713 AM,20.0015259022,5983075.0096439077,96.6150019288,0.0001584755,5986815.2721982459,97.3630544396,0.0002134486,5982952.8696727715,96.5905739346,-6.686474892E-6,9.656397909,180.8190765381,19.2339374826,263.1946105957,66,50,15,18.4018310826
Jan-29-2024 10:33:22.821 AM,20.0015259022,5983075.0096439077,96.6150019288,0.0001584755,5986815.2721982459,97.3630544396,0.0002134486,5982952.8696727715,96.5905739346,-6.686474892E-6,9.656397909,180.8190765381,19.2339374826,263.1946105957,66,50,15,18.4018310826
Jan-29-2024 10:33:22.932 AM,20.0015259022,5983075.0096439077,96.6150019288,0.0001584755,5986815.2721982459,97.3630544396,0.0002134486,5982952.8696727715,96.5905739346,-6.686474892E-6,9.656397909,180.8190765381,19.2339374826,263.1946105957,66,50,15,18.4018310826
Jan-29-2024 10:33:23.040 AM,20.0015259022,5983075.0096439077,96.6150019288,0.0001584755,5986815.2721982459,97.3630544396,0.0002134486,5982952.8696727715,96.5905739346,-6.686474892E-6,9.656397909,180.8190765381,19.2339374826,263.1946105957,66,50,15,18.4018310826
Jan-29-2024 10:33:23.145 AM,20,5983074.972249683,96.6149944499,0.0001608048,5986815.0561263915,97.3630112253,0.0003819776,5982952.8600494741,96.5905720099,4.4136069567E-6,9.656397909,180.8190765381,19.2339374826,263.1946105957,66,50,15,18.3509269856
Jan-29-2024 10:33:23.259 AM,20,5983074.972249683,96.6149944499,0.0001608048,5986815.0561263915,97.3630112253,0.0003819776,5982952.8600494741,96.5905720099,4.4136069567E-6,9.656397909,180.8190765381,19.2339374826,263.1946105957,66,50,15,18.3509269856
Jan-29-2024 10:33:23.368 AM,20.0015259022,5983074.972249683,96.6149944499,0.0001608048,5986815.0561263915,97.3630112253,0.0003819776,5982952.8600494741,96.5905720099,4.4136069567E-6,9.656397909,180.8190765381,19.2339374826,263.1946105957,66,50,15,18.3636530098
Jan-29-2024 10:33:23.472 AM,20.0015259022,5983074.972249683,96.6149944499,0.0001608048,5986815.0561263915,97.3630112253,0.0003819776,5982952.8600494741,96.5905720099,4.4136069567E-6,9.656397909,180.8190765381,19.2339374826,263.1946105957,66,50,15,18.3636530098
Jan-29-2024 10:33:23.584 AM,19.9954222934,5983074.972249683,96.6149944499,0.0001608048,5986815.0561263915,97.3630112253,0.0003819776,5982952.8600494741,96.5905720099,4.4136069567E-6,9.5972854106,181.0335998535,18.9664139342,263.7769165039,67,50,15,18.3848630503
Jan-29-2024 10:33:23.686 AM,19.9954222934,5983074.972249683,96.6149944499,0.0001608048,5986815.0561263915,97.3630112253,0.0003819776,5982952.8600494741,96.5905720099,4.4136069567E-6,9.5972854106,181.0335998535,18.9664139342,263.7769165039,67,50,15,18.3848630503
Jan-29-2024 10:33:23.786 AM,19.9969481956,5983074.972249683,96.6149944499,0.0001608048,5986815.0561263915,97.3630112253,0.0003819776,5982952.8600494741,96.5905720099,4.4136069567E-6,9.5972854106,181.0335998535,18.9664139342,263.7769165039,67,50,15,18.4060730907
Jan-29-2024 10:33:23.900 AM,20.0030518044,5983074.9348554593,96.6149869711,0.0001626188,5986815.1870879745,97.3630374176,0.0001667218,5982953.2991476655,96.5906598295,-0.0004355578,9.0956025423,180.8803710938,19.4809454587,263.7462463379,66,50,15,18.4612191958
Jan-29-2024 10:33:24.008 AM,20.0030518044,5983074.9348554593,96.6149869711,0.0001626188,5986815.1870879745,97.3630374176,0.0001667218,5982953.2991476655,96.5906598295,-0.0004355578,9.0956025423,180.8803710938,19.4809454587,263.7462463379,66,50,15,18.4612191958
Jan-29-2024 10:33:24.115 AM,20.0030518044,5983074.9348554593,96.6149869711,0.0001626188,5986815.1870879745,97.3630374176,0.0001667218,5982953.2991476655,96.5906598295,-0.0004355578,9.0956025423,180.8803710938,19.4809454587,263.7462463379,66,50,15,18.4612191958
Jan-29-2024 10:33:24.224 AM,20.0030518044,5983074.9348554593,96.6149869711,0.0001626188,5986815.1870879745,97.3630374176,0.0001667218,5982953.2991476655,96.5906598295,-0.0004355578,9.0956025423,180.8803710938,19.4809454587,263.7462463379,66,50,15,18.4612191958
Jan-29-2024 10:33:24.332 AM,19.9984740978,5983074.9348554593,96.6149869711,0.0001626188,5986815.1870879745,97.3630374176,0.0001667218,5982953.2991476655,96.5906598295,-0.0004355578,9.0956025423,180.8803710938,19.4809454587,263.7462463379,66,50,15,18.372137026
Jan-29-2024 10:33:24.433 AM,19.9984740978,5983074.9348554593,96.6149869711,0.0001626188,5986815.1870879745,97.3630374176,0.0001667218,5982953.2991476655,96.5906598295,-0.0004355578,9.0956025423,180.8803710938,19.4809454587,263.7462463379,66,50,15,18.372137026
Jan-29-2024 10:33:24.549 AM,19.9984740978,5983074.9348554593,96.6149869711,0.0001626188,5986815.1870879745,97.3630374176,0.0001667218,5982953.2991476655,96.5906598295,-0.0004355578,9.4352185253,181.3094329834,19.4288824356,263.0413818359,66,50,15,18.3424429694
